{"id":"5a1a6e22-836e-4761-be0b-87482dc5f031","name":"Capabilities","scenario_trigger":"Capabilities","description":"Tells what the bot can able to do","active":true,"updated":"2019-01-18T14:07:46.5230000Z","userDisplayName":"Bhanu Kandregula","code":"{\"version\":3,\"steps\":[{\"id\":\"7c7c6fedd341-638e865e9498d394-6e67\",\"type\":\"statement\",\"designer\":{\"xLocation\":413,\"yLocation\":136},\"text\":\"I’m Jasim - I can help you with Healthcare appointment management services.\",\"stringId\":\"stringId_1659e9002f13d09d\"}],\"returningMessage\":\"\",\"interrupting\":false,\"breaking\":false}"}