{"id":"1e49c497-00d3-40f7-be06-7ccfa5098199","name":"Greetings","scenario_trigger":"greetings","description":"greetings intent","active":true,"updated":"2019-01-18T14:07:46.5230000Z","userDisplayName":"Bhanu Kandregula","code":"{\"version\":3,\"steps\":[{\"id\":\"8d70d44c84a2-16309d3cb3689d2d-4c0a\",\"type\":\"statement\",\"designer\":{\"xLocation\":453,\"yLocation\":96},\"text\":\"Hi! I’m, Jasim Health Demo Bot.\\r\\n\",\"stringId\":\"stringId_b2cd417df5cb98c6\"}],\"returningMessage\":\"\",\"interrupting\":false,\"breaking\":false}"}