{"id":"6588e042-7e3d-404f-9b31-334f604d89d0","name":"insurance","scenario_trigger":"insurance","description":"End user can file claim and upload itemized bill","active":false,"updated":"2019-01-18T14:07:46.5230000Z","userDisplayName":"Bhanu Kandregula","code":"{\"version\":3,\"steps\":[{\"id\":\"a0c918a93927-1b86de0f88ac4f83-b1e7\",\"type\":\"yesnoprompt\",\"dataType\":\"boolean\",\"designer\":{\"xLocation\":80,\"yLocation\":29,\"next\":\"da97ea46f03e-a11d55f06fc17abb-2045\"},\"text\":\"Have you incurred medical, vision, or dental expenses from a provider who did not bill the plan directly?\\r\\n\",\"variable\":\"ClaimFill\",\"maxRetries\":2,\"stringId\":\"stringId_ea2d0a0567f99f20\",\"targetStepId\":\"bd28f076c9c4-a73c36db515b415c-270f\"},{\"id\":\"da97ea46f03e-a11d55f06fc17abb-2045\",\"type\":\"statement\",\"designer\":{\"xLocation\":29,\"yLocation\":109},\"text\":\"If you have any further questions, please don’t hesitate to contact me.\",\"stringId\":\"stringId_87561e4237b03204\"},{\"id\":\"bd28f076c9c4-a73c36db515b415c-270f\",\"type\":\"statement\",\"designer\":{\"xLocation\":149,\"yLocation\":92,\"next\":\"2601ca6d0bd3-d7396da9da26d810-dd87\"},\"text\":\"I would be happy to assist you submitting your claim. \\r\\nPlease start by providing the following details :\\r\\n\",\"stringId\":\"stringId_d55891b372ca4f8c\"},{\"id\":\"b05433d04961-3f3a386f1a4aa8c9-5e94\",\"type\":\"prompt\",\"dataType\":\"string\",\"designer\":{\"xLocation\":150,\"yLocation\":190,\"next\":\"6a5e6e653060-2acc1b56c8c61bd6-d0dd\"},\"text\":\"What is your prefix and ID number ? (see ID card)\",\"variable\":\"userId\",\"layout\":\"vertical\",\"attachment\":[\"https://haadminstorageprod.blob.core.windows.net/catalog-server/CaptureId\"],\"stringId\":\"stringId_47ea5de3567ec42b\"},{\"id\":\"6a5e6e653060-2acc1b56c8c61bd6-d0dd\",\"type\":\"prompt\",\"dataType\":\"string\",\"designer\":{\"xLocation\":150,\"yLocation\":229,\"next\":\"1fb0102e861d-02d761e71167fae2-0ff3\"},\"text\":\"What is your insurance Group number ? \\r\\n\",\"variable\":\"userGroupNumber\",\"layout\":\"vertical\",\"attachment\":[\"https://haadminstorageprod.blob.core.windows.net/catalog-server/CaptureGroup\"],\"stringId\":\"stringId_48bb800bd05974be\"},{\"id\":\"1fb0102e861d-02d761e71167fae2-0ff3\",\"type\":\"prompt\",\"dataType\":\"string\",\"designer\":{\"xLocation\":148,\"yLocation\":270,\"next\":\"ae54dfbeb1bb-74b45f6ef32e586c-31d8\"},\"text\":\"What is the name of the provider ?\\r\\n\",\"variable\":\"providerName\",\"stringId\":\"stringId_575733bc4b025f30\"},{\"id\":\"ae54dfbeb1bb-74b45f6ef32e586c-31d8\",\"type\":\"prompt\",\"dataType\":[\"Inpatient hospital\",\"Outpatient hospital\",\"Office/clinic\",\"Surgery center\",\"Skilled nursing facility\",\"Home\"],\"designer\":{\"xLocation\":140,\"yLocation\":314,\"listStyle\":3,\"next\":\"cdf4f1ab9aee-1964dc18e654ae59-5c05\"},\"text\":\"Where was the service performed?\\r\\n\",\"variable\":\"serviceLocation\",\"stringId\":\"stringId_16f663296a4d97d7\"},{\"id\":\"0685db70fbe1-bfdc24ba336cc80c-c0bb\",\"type\":\"prompt\",\"dataType\":\"attachment\",\"designer\":{\"xLocation\":449,\"yLocation\":91,\"next\":\"6db10f8749a2-f1e702e3912394fd-6240\"},\"text\":\"Please upload your bill by selecting the 'attachment' icon below\",\"variable\":\"bill\",\"maxRetries\":1,\"stringId\":\"stringId_88a37c0fdc57535b\",\"layout\":\"vertical\",\"attachment\":[\"https://haadminstorageprod.blob.core.windows.net/catalog-server/attach\"]},{\"id\":\"0cbcee7d50b1-7c891654d26c114d-9683\",\"type\":\"prompt\",\"dataType\":\"string\",\"designer\":{\"xLocation\":286,\"yLocation\":166,\"next\":\"aa186dba36b9-3e798a0f52fa2f2f-1df0\"},\"variable\":\"accidentInfo\",\"stringId\":\"stringId_27be6545f0289aee\",\"layout\":\"vertical\",\"attachment\":[{\"type\":\"AdaptiveCard\",\"cardCode\":\"{\\r\\n\\t\\\"$schema\\\": \\\"http://adaptivecards.io/schemas/adaptive-card.json\\\",\\r\\n\\t\\\"type\\\": \\\"AdaptiveCard\\\",\\r\\n\\t\\\"version\\\": \\\"1.0\\\",\\r\\n\\t\\\"body\\\": [\\r\\n        {\\r\\n\\t\\t\\t\\\"type\\\": \\\"TextBlock\\\",\\r\\n\\t\\t\\t\\\"text\\\": \\\"When did the accident took place?\\\"\\r\\n\\t\\t},\\r\\n\\t\\t{\\r\\n\\t\\t\\t\\\"type\\\": \\\"Input.Date\\\",\\r\\n\\t\\t\\t\\\"placeholder\\\": \\\"Due Date\\\",\\r\\n\\t\\t\\t\\\"id\\\": \\\"DateVal\\\",\\r\\n\\t\\t\\t\\\"value\\\": \\\"2017-09-20\\\"\\r\\n\\t\\t},\\r\\n        {\\r\\n\\t\\t\\t\\\"type\\\": \\\"TextBlock\\\",\\r\\n\\t\\t\\t\\\"text\\\": \\\"How did the accident happen ?\\\"\\r\\n\\t\\t},\\r\\n        {\\r\\n            \\\"type\\\": \\\"Input.Text\\\",\\r\\n            \\\"placeholder\\\": \\\"Comments\\\",\\r\\n            \\\"style\\\": \\\"text\\\",\\r\\n            \\\"isMultiline\\\": true,\\r\\n            \\\"maxLength\\\": 0,\\r\\n            \\\"id\\\": \\\"MultiLineVal\\\"\\r\\n        }\\r\\n\\t],\\r\\n\\t\\\"actions\\\": [\\r\\n\\t\\t{\\r\\n\\t\\t\\t\\\"type\\\": \\\"Action.Submit\\\",\\r\\n\\t\\t\\t\\\"title\\\": \\\"Submit\\\",\\r\\n\\t\\t\\t\\\"data\\\": {\\r\\n\\t\\t\\t\\t\\\"id\\\": \\\"1234567890\\\"\\r\\n\\t\\t\\t}\\r\\n\\t\\t}\\r\\n\\t]\\r\\n}\"}],\"label\":\"Accident info form\"},{\"id\":\"241c92fab3ad-cd222572b04b62e8-a5f7\",\"type\":\"statement\",\"designer\":{\"xLocation\":449,\"yLocation\":200},\"text\":\"Thank you for filling in the details!\\r\\nWe will follow up with confirmation e-mail\",\"stringId\":\"stringId_60f964659fe76c91\",\"layout\":\"vertical\",\"attachment\":[{\"type\":\"HeroCard\",\"title\":\"'Summary of claim ' + ${refNumber}\",\"titleStringId\":\"stringId_8ea41e7e78090366\",\"subtitle\":\"${claimSummary}\",\"subtitleStringId\":\"stringId_6bd556c632a1f9ea\",\"image\":\"${bill}[0].contentUrl\"}]},{\"id\":\"2601ca6d0bd3-d7396da9da26d810-dd87\",\"label\":\"Wait\",\"type\":\"wait\",\"designer\":{\"xLocation\":154,\"yLocation\":140,\"next\":\"b05433d04961-3f3a386f1a4aa8c9-5e94\"},\"time\":\"3000\"},{\"id\":\"cdf4f1ab9aee-1964dc18e654ae59-5c05\",\"type\":\"yesnoprompt\",\"dataType\":\"boolean\",\"designer\":{\"xLocation\":330,\"yLocation\":29,\"reverse\":true,\"next\":\"aa186dba36b9-3e798a0f52fa2f2f-1df0\"},\"text\":\"Is this claim due to an accidental injury?\\r\\n\",\"variable\":\"isAccidental\",\"stringId\":\"stringId_00cbf3c25d8f5d24\",\"targetStepId\":\"0cbcee7d50b1-7c891654d26c114d-9683\"},{\"id\":\"aa186dba36b9-3e798a0f52fa2f2f-1df0\",\"type\":\"statement\",\"designer\":{\"xLocation\":450,\"yLocation\":47,\"next\":\"0685db70fbe1-bfdc24ba336cc80c-c0bb\"},\"text\":\"Now, please attach the itemized bill. \\r\\nYour bill must contain all of the following information:\\r\\n- Name of the member who incurred the expense\\r\\n- Name, address, and tax identification number of the provider\\r\\n- Date and charge for each service rendered \",\"stringId\":\"stringId_8ad78d19e161a69f\"},{\"id\":\"6db10f8749a2-f1e702e3912394fd-6240\",\"type\":\"action\",\"label\":\"Create claim summary\",\"designer\":{\"xLocation\":453,\"yLocation\":140,\"next\":\"241c92fab3ad-cd222572b04b62e8-a5f7\"},\"onInit\":\"/*\\n * Use the following variable notation:\\n * \\n * ${var} = scenario local variables\\n * &{var} = user data variables\\n * @{var} = global conversation variables\\n * \\n * Available object to use in the code:\\n * require, session, moment, builder, next(), setTimeout, underscore\\n * \\n * Hit 'Ctrl + Space' for autocomplete\\n * \\n * Example: ${welcomeMessage} = \\\"Hello \\\" + ${name}\\n*/\\n${refNumber} = '1-22-333-4444'\\n${claimSummary} = \\n'Prefix and ID number: '+ ${userId} + \\n'\\\\nInsurance group number: '+${userGroupNumber} + \\n'\\\\nProvider name: '+${providerName} +\\n'\\\\nService location: '+ ${serviceLocation}.entity;\\n\\nif (${isAccidental}) {\\n    ${claimSummary} += \\n'\\\\nAccident Date: ' + JSON.parse(${accidentInfo}).DateVal + \\n'\\\\nAccident Information:' + JSON.parse(${accidentInfo}).MultiLineVal\\n}\\n\\n\"}],\"returningMessage\":\"\",\"interrupting\":false,\"breaking\":false}"}