{"id":"6bb6ccb3-2273-42d7-bcca-74b9304eee34","name":"statusupdate","scenario_trigger":"statusupdate","description":"triggers from status","active":true,"updated":"2019-02-07T14:34:27.8090000Z","userDisplayName":"Bhanu Kandregula","code":"{\"version\":3,\"steps\":[{\"id\":\"da40e744378c-5e596cfe38a7c108-00fe\",\"type\":\"statement\",\"designer\":{\"xLocation\":257,\"yLocation\":36,\"next\":\"b0952cc4697b-c71fe0c69c5225db-df1f\"},\"text\":\"\\\"Sure, for which date are you looking to schedule the appointment with \\\"+${scenarioArgs}.doctorName+\\\".\\\"\",\"stringId\":\"stringId_0fe1673ab7cc2299\"},{\"id\":\"b0952cc4697b-c71fe0c69c5225db-df1f\",\"type\":\"prompt\",\"dataType\":\"string\",\"designer\":{\"xLocation\":293,\"yLocation\":107,\"next\":\"5346b61b8d0c-73da6b2ee58653fc-b086\"},\"variable\":\"appointmentDate\",\"stringId\":\"stringId_0fe1673ab7cc2299\",\"layout\":\"vertical\",\"attachment\":[{\"type\":\"AdaptiveCard\",\"cardCode\":\"{\\r\\n\\t\\\"$schema\\\": \\\"http://adaptivecards.io/schemas/adaptive-card.json\\\",\\r\\n\\t\\\"type\\\": \\\"AdaptiveCard\\\",\\r\\n\\t\\\"version\\\": \\\"1.0\\\",\\r\\n\\t\\\"body\\\": [\\r\\n        {\\r\\n\\t\\t\\t\\\"type\\\": \\\"TextBlock\\\",\\r\\n\\t\\t\\t\\\"text\\\": \\\"\\\"\\r\\n\\t\\t},\\r\\n\\t\\t{\\r\\n\\t\\t\\t\\\"type\\\": \\\"Input.Date\\\",\\r\\n\\t\\t\\t\\\"placeholder\\\": \\\"Due Date\\\",\\r\\n\\t\\t\\t\\\"id\\\": \\\"DateVal\\\",\\r\\n            \\\"value\\\": ${scenarioArgs}.oDate\\r\\n\\t\\t},\\r\\n        {\\r\\n\\t\\t\\t\\\"type\\\": \\\"Input.Time\\\",\\r\\n\\t\\t\\t\\\"placeholder\\\": \\\"Time\\\",\\r\\n\\t\\t\\t\\\"id\\\": \\\"TimeVal\\\",\\r\\n            \\\"value\\\": ${scenarioArgs}.oTime\\r\\n\\t\\t},\\r\\n        {\\r\\n\\t\\t\\t\\\"type\\\": \\\"Input.Text\\\",\\r\\n\\t\\t\\t\\\"id\\\": \\\"description\\\",\\r\\n\\t\\t\\t\\\"isMultiline\\\": true,\\r\\n\\t\\t\\t\\\"placeholder\\\": \\\"describe your reason\\\",\\r\\n            \\\"value\\\": ${scenarioArgs}.reason\\r\\n\\t\\t}\\r\\n\\t],\\r\\n\\t\\\"actions\\\": [\\r\\n\\t\\t{\\r\\n\\t\\t\\t\\\"type\\\": \\\"Action.Submit\\\",\\r\\n\\t\\t\\t\\\"title\\\": \\\"Submit\\\",\\r\\n\\t\\t\\t\\\"data\\\": {\\r\\n\\t\\t\\t\\t\\\"id\\\": \\\"1234567890\\\"\\r\\n\\t\\t\\t}\\r\\n\\t\\t}\\r\\n\\t]\\r\\n}\\r\\n\"}]},{\"id\":\"5346b61b8d0c-73da6b2ee58653fc-b086\",\"type\":\"datasource\",\"designer\":{\"xLocation\":420,\"yLocation\":100,\"errorStepId\":\"245b8f7e3f4a-1919e3e70694b7bb-24bf\",\"next\":\"317cafe8e9ab-d6a675ee11ff0b87-e518\"},\"dataConnection\":\"\",\"urlBase\":\"'https://healthcarev2.azurewebsites.net'\",\"urlPath\":\"'/updateAppointment'\",\"urlParams\":\"'email='+${scenarioArgs}.email+'&time='+JSON.parse(${appointmentDate}).TimeVal+'&date='+JSON.parse(${appointmentDate}).DateVal+'&id='+${scenarioArgs}.id\",\"method\":\"get\",\"headers\":\"\",\"opJson\":true,\"opResolveWithFullResponse\":false,\"response\":\"updateres\",\"error\":\"err\"},{\"id\":\"245b8f7e3f4a-1919e3e70694b7bb-24bf\",\"type\":\"statement\",\"designer\":{\"xLocation\":348,\"yLocation\":160},\"text\":\"Server not responding, please try after sometime.\",\"stringId\":\"stringId_009de5cddb26f69c\"},{\"id\":\"ab9cb8f10ede-5f10d395c98f1220-f685\",\"type\":\"statement\",\"designer\":{\"xLocation\":640,\"yLocation\":286},\"stringId\":\"stringId_d25e63cd611a9ba7\",\"layout\":\"vertical\",\"attachment\":[{\"type\":\"Carousel\",\"carouselCode\":\"(function(){\\n    return [\\n        new builder.ThumbnailCard().title(${scenarioArgs}.doctorName).subtitle(${scenarioArgs}.specialization).\\n        text(\\\"Date : \\\"+${updateres}.date+\\\"\\\\n\\\" +\\\"Time : \\\"+ ${updateres}.finalTime+\\\"\\\\n\\\"+\\\"address : \\\"+${scenarioArgs}.address).\\n        images([builder.CardImage.create(session,${scenarioArgs}.imageURL)])\\n    ] \\n    })()\\n\"}]},{\"id\":\"317cafe8e9ab-d6a675ee11ff0b87-e518\",\"type\":\"branch\",\"condition\":\"${updateres}.status\",\"designer\":{\"xLocation\":540,\"yLocation\":140,\"next\":\"c7e24f2c80d9-4e0c5da637a519e6-3dde\"},\"targetStepId\":\"789430ac57a6-75e04af4ddd1b15a-4007\"},{\"id\":\"c7e24f2c80d9-4e0c5da637a519e6-3dde\",\"type\":\"statement\",\"designer\":{\"xLocation\":473,\"yLocation\":220},\"text\":\"Something went wrong, please try again.\",\"stringId\":\"stringId_9e78ff392dee43a6\"},{\"id\":\"789430ac57a6-75e04af4ddd1b15a-4007\",\"type\":\"statement\",\"designer\":{\"xLocation\":607,\"yLocation\":220,\"next\":\"ab9cb8f10ede-5f10d395c98f1220-f685\"},\"text\":\"'Your appointment with '+${scenarioArgs}.doctorName+' on '+${updateres}.date+' at '+${updateres}.finalTime+' has been successfully Updated.'\",\"stringId\":\"stringId_d25e63cd611a9ba7\"}],\"returningMessage\":\"\",\"interrupting\":false,\"breaking\":false}"}