{"id":"c1353aa5-c073-48a6-9443-e2283c49f6f7","name":"statuscancel","scenario_trigger":"statuscancel","description":"cancel appointment from status scenario","active":true,"updated":"2019-02-05T14:37:49.5500000Z","userDisplayName":"Bhanu Kandregula","code":"{\"version\":3,\"steps\":[{\"id\":\"9e833dd0b911-d67070c61e95bae3-3346\",\"type\":\"yesnoprompt\",\"dataType\":\"boolean\",\"designer\":{\"xLocation\":268,\"yLocation\":140,\"next\":\"dd1426704467-c992ff004f00e507-c56c\"},\"text\":\"'Would you like to cancel  it? Once you canel it the slot may not be available.'\",\"variable\":\"confirmation\",\"maxRetries\":2,\"layout\":\"vertical\",\"stringId\":\"stringId_a5b5bca7284ce529\",\"attachment\":[{\"type\":\"Carousel\",\"carouselCode\":\"(function(){\\n    return [\\n        new builder.ThumbnailCard().\\n        buttons([ \\n            builder.CardAction.postBack(session,'Yes','Yes'), \\n            builder.CardAction.postBack(session,'No','No')\\n        ])\\n    ] \\n    })()\\n\"}],\"targetStepId\":\"5346b61b8d0c-73da6b2ee58653fc-b086\"},{\"id\":\"5346b61b8d0c-73da6b2ee58653fc-b086\",\"type\":\"datasource\",\"designer\":{\"xLocation\":400,\"yLocation\":186,\"errorStepId\":\"245b8f7e3f4a-1919e3e70694b7bb-24bf\",\"next\":\"461c0668d3d3-5d4c15f2c17c9759-5d3b\"},\"dataConnection\":\"\",\"urlBase\":\"'https://healthcarev2.azurewebsites.net'\",\"urlPath\":\"'/deleteAppointment'\",\"urlParams\":\"'id='+${scenarioArgs}.id\",\"method\":\"get\",\"headers\":\"\",\"opJson\":true,\"opResolveWithFullResponse\":false,\"response\":\"respo\",\"error\":\"err\"},{\"id\":\"245b8f7e3f4a-1919e3e70694b7bb-24bf\",\"type\":\"statement\",\"designer\":{\"xLocation\":300,\"yLocation\":260},\"text\":\"Server not responding, please try after sometime.\",\"stringId\":\"stringId_009de5cddb26f69c\"},{\"id\":\"ab9cb8f10ede-5f10d395c98f1220-f685\",\"type\":\"statement\",\"designer\":{\"xLocation\":600,\"yLocation\":240},\"text\":\"'Your appointment with '+${scenarioArgs}.doctorName+' on '+${scenarioArgs}.date+' at '+${scenarioArgs}.time+' has been successfully cancelled.'\",\"stringId\":\"stringId_ad8ab104c661340c\",\"label\":\"\"},{\"id\":\"dd1426704467-c992ff004f00e507-c56c\",\"type\":\"statement\",\"designer\":{\"xLocation\":169,\"yLocation\":220},\"text\":\"Thank you.\",\"stringId\":\"stringId_2d439011ecebc222\"},{\"id\":\"461c0668d3d3-5d4c15f2c17c9759-5d3b\",\"type\":\"branch\",\"condition\":\"${respo}\",\"designer\":{\"xLocation\":560,\"yLocation\":140,\"next\":\"dbeed9153d7e-29b3c5203354c417-ff5f\"},\"targetStepId\":\"ab9cb8f10ede-5f10d395c98f1220-f685\"},{\"id\":\"dbeed9153d7e-29b3c5203354c417-ff5f\",\"type\":\"statement\",\"designer\":{\"xLocation\":486,\"yLocation\":232},\"text\":\"'Something went wrong, please try again.'+${respo}\",\"stringId\":\"stringId_017788eb1dfafe51\"}],\"returningMessage\":\"\",\"interrupting\":false,\"breaking\":false}"}